[{"model": "auth.permission", "pk": 1, "fields": {"name": "Can add log entry", "content_type": 1, "codename": "add_logentry"}}, {"model": "auth.permission", "pk": 2, "fields": {"name": "Can change log entry", "content_type": 1, "codename": "change_logentry"}}, {"model": "auth.permission", "pk": 3, "fields": {"name": "Can delete log entry", "content_type": 1, "codename": "delete_logentry"}}, {"model": "auth.permission", "pk": 4, "fields": {"name": "Can view log entry", "content_type": 1, "codename": "view_logentry"}}, {"model": "auth.permission", "pk": 5, "fields": {"name": "Can add permission", "content_type": 2, "codename": "add_permission"}}, {"model": "auth.permission", "pk": 6, "fields": {"name": "Can change permission", "content_type": 2, "codename": "change_permission"}}, {"model": "auth.permission", "pk": 7, "fields": {"name": "Can delete permission", "content_type": 2, "codename": "delete_permission"}}, {"model": "auth.permission", "pk": 8, "fields": {"name": "Can view permission", "content_type": 2, "codename": "view_permission"}}, {"model": "auth.permission", "pk": 9, "fields": {"name": "Can add group", "content_type": 3, "codename": "add_group"}}, {"model": "auth.permission", "pk": 10, "fields": {"name": "Can change group", "content_type": 3, "codename": "change_group"}}, {"model": "auth.permission", "pk": 11, "fields": {"name": "Can delete group", "content_type": 3, "codename": "delete_group"}}, {"model": "auth.permission", "pk": 12, "fields": {"name": "Can view group", "content_type": 3, "codename": "view_group"}}, {"model": "auth.permission", "pk": 13, "fields": {"name": "Can add user", "content_type": 4, "codename": "add_user"}}, {"model": "auth.permission", "pk": 14, "fields": {"name": "Can change user", "content_type": 4, "codename": "change_user"}}, {"model": "auth.permission", "pk": 15, "fields": {"name": "Can delete user", "content_type": 4, "codename": "delete_user"}}, {"model": "auth.permission", "pk": 16, "fields": {"name": "Can view user", "content_type": 4, "codename": "view_user"}}, {"model": "auth.permission", "pk": 17, "fields": {"name": "Can add content type", "content_type": 5, "codename": "add_contenttype"}}, {"model": "auth.permission", "pk": 18, "fields": {"name": "Can change content type", "content_type": 5, "codename": "change_contenttype"}}, {"model": "auth.permission", "pk": 19, "fields": {"name": "Can delete content type", "content_type": 5, "codename": "delete_contenttype"}}, {"model": "auth.permission", "pk": 20, "fields": {"name": "Can view content type", "content_type": 5, "codename": "view_contenttype"}}, {"model": "auth.permission", "pk": 21, "fields": {"name": "Can add session", "content_type": 6, "codename": "add_session"}}, {"model": "auth.permission", "pk": 22, "fields": {"name": "Can change session", "content_type": 6, "codename": "change_session"}}, {"model": "auth.permission", "pk": 23, "fields": {"name": "Can delete session", "content_type": 6, "codename": "delete_session"}}, {"model": "auth.permission", "pk": 24, "fields": {"name": "Can view session", "content_type": 6, "codename": "view_session"}}, {"model": "auth.permission", "pk": 25, "fields": {"name": "Can add форма", "content_type": 7, "codename": "add_form"}}, {"model": "auth.permission", "pk": 26, "fields": {"name": "Can change форма", "content_type": 7, "codename": "change_form"}}, {"model": "auth.permission", "pk": 27, "fields": {"name": "Can delete форма", "content_type": 7, "codename": "delete_form"}}, {"model": "auth.permission", "pk": 28, "fields": {"name": "Can view форма", "content_type": 7, "codename": "view_form"}}, {"model": "auth.permission", "pk": 29, "fields": {"name": "Can add вариант", "content_type": 8, "codename": "add_select"}}, {"model": "auth.permission", "pk": 30, "fields": {"name": "Can change вариант", "content_type": 8, "codename": "change_select"}}, {"model": "auth.permission", "pk": 31, "fields": {"name": "Can delete вариант", "content_type": 8, "codename": "delete_select"}}, {"model": "auth.permission", "pk": 32, "fields": {"name": "Can view вариант", "content_type": 8, "codename": "view_select"}}, {"model": "auth.permission", "pk": 33, "fields": {"name": "Can add вопрос", "content_type": 9, "codename": "add_question"}}, {"model": "auth.permission", "pk": 34, "fields": {"name": "Can change вопрос", "content_type": 9, "codename": "change_question"}}, {"model": "auth.permission", "pk": 35, "fields": {"name": "Can delete вопрос", "content_type": 9, "codename": "delete_question"}}, {"model": "auth.permission", "pk": 36, "fields": {"name": "Can view вопрос", "content_type": 9, "codename": "view_question"}}, {"model": "auth.permission", "pk": 37, "fields": {"name": "Can add ответ", "content_type": 10, "codename": "add_answer"}}, {"model": "auth.permission", "pk": 38, "fields": {"name": "Can change ответ", "content_type": 10, "codename": "change_answer"}}, {"model": "auth.permission", "pk": 39, "fields": {"name": "Can delete ответ", "content_type": 10, "codename": "delete_answer"}}, {"model": "auth.permission", "pk": 40, "fields": {"name": "Can view ответ", "content_type": 10, "codename": "view_answer"}}, {"model": "auth.permission", "pk": 41, "fields": {"name": "Can add select answer", "content_type": 11, "codename": "add_selectanswer"}}, {"model": "auth.permission", "pk": 42, "fields": {"name": "Can change select answer", "content_type": 11, "codename": "change_selectanswer"}}, {"model": "auth.permission", "pk": 43, "fields": {"name": "Can delete select answer", "content_type": 11, "codename": "delete_selectanswer"}}, {"model": "auth.permission", "pk": 44, "fields": {"name": "Can view select answer", "content_type": 11, "codename": "view_selectanswer"}}, {"model": "contenttypes.contenttype", "pk": 1, "fields": {"app_label": "admin", "model": "logentry"}}, {"model": "contenttypes.contenttype", "pk": 2, "fields": {"app_label": "auth", "model": "permission"}}, {"model": "contenttypes.contenttype", "pk": 3, "fields": {"app_label": "auth", "model": "group"}}, {"model": "contenttypes.contenttype", "pk": 4, "fields": {"app_label": "auth", "model": "user"}}, {"model": "contenttypes.contenttype", "pk": 5, "fields": {"app_label": "contenttypes", "model": "contenttype"}}, {"model": "contenttypes.contenttype", "pk": 6, "fields": {"app_label": "sessions", "model": "session"}}, {"model": "contenttypes.contenttype", "pk": 7, "fields": {"app_label": "form", "model": "form"}}, {"model": "contenttypes.contenttype", "pk": 8, "fields": {"app_label": "question", "model": "select"}}, {"model": "contenttypes.contenttype", "pk": 9, "fields": {"app_label": "question", "model": "question"}}, {"model": "contenttypes.contenttype", "pk": 10, "fields": {"app_label": "question", "model": "answer"}}, {"model": "contenttypes.contenttype", "pk": 11, "fields": {"app_label": "question", "model": "selectanswer"}}, {"model": "form.form", "pk": 1, "fields": {"title": "Название формы", "description": "Описание формы", "form_uid": "7f5f557a-28ed-43a4-9b34-882e5ca9266b", "create_at": "2022-05-21"}}, {"model": "form.form", "pk": 2, "fields": {"title": "Название формы2", "description": "Описание формы2", "form_uid": "ab4a625f-8fc1-4c6e-854f-5444aaf17a1d", "create_at": "2022-05-21"}}, {"model": "form.form", "pk": 3, "fields": {"title": "Название формы3", "description": "Описание формы3", "form_uid": "4549d405-61f6-498e-b9ff-8242727e0650", "create_at": "2022-05-21"}}, {"model": "question.question", "pk": 1, "fields": {"question": "Tell me about the best and worst parts of your day.", "is_required": false, "type": "textarea", "form": 3}}, {"model": "question.question", "pk": 2, "fields": {"question": "Tell me about the best and worst parts of your day.", "is_required": false, "type": "textarea", "form": 2}}, {"model": "question.question", "pk": 3, "fields": {"question": "Tell me about the best and worst parts of your day.", "is_required": false, "type": "textarea", "form": 1}}, {"model": "question.question", "pk": 4, "fields": {"question": "What's your favorite game to play?", "is_required": false, "type": "input", "form": 1}}, {"model": "question.question", "pk": 5, "fields": {"question": "What's your favorite game to play?", "is_required": false, "type": "input", "form": 2}}, {"model": "question.question", "pk": 6, "fields": {"question": "What's your favorite game to play?", "is_required": false, "type": "input", "form": 3}}, {"model": "question.question", "pk": 7, "fields": {"question": "What's your favorite thing to do in the car?", "is_required": false, "type": "textarea", "form": 3}}, {"model": "question.question", "pk": 8, "fields": {"question": "What's your favorite thing to do in the car?", "is_required": false, "type": "textarea", "form": 2}}, {"model": "question.question", "pk": 9, "fields": {"question": "What's your favorite thing to do in the car?", "is_required": false, "type": "textarea", "form": 1}}, {"model": "question.question", "pk": 10, "fields": {"question": "how are you", "is_required": false, "type": "select", "form": 1}}, {"model": "question.question", "pk": 11, "fields": {"question": "how are you?", "is_required": false, "type": "select", "form": 1}}, {"model": "question.question", "pk": 12, "fields": {"question": "how are you?", "is_required": false, "type": "select", "form": 2}}, {"model": "question.question", "pk": 13, "fields": {"question": "how are you?", "is_required": false, "type": "select", "form": 3}}, {"model": "question.select", "pk": 1, "fields": {"question": 13, "select": "good", "is_false": true}}, {"model": "question.select", "pk": 2, "fields": {"question": 11, "select": "good", "is_false": true}}, {"model": "question.select", "pk": 3, "fields": {"question": 12, "select": "good", "is_false": true}}, {"model": "question.select", "pk": 4, "fields": {"question": 10, "select": "good", "is_false": true}}, {"model": "question.select", "pk": 5, "fields": {"question": 10, "select": "nice", "is_false": true}}, {"model": "question.select", "pk": 6, "fields": {"question": 11, "select": "nice", "is_false": true}}, {"model": "question.select", "pk": 7, "fields": {"question": 12, "select": "nice", "is_false": true}}, {"model": "question.select", "pk": 8, "fields": {"question": 13, "select": "nice", "is_false": true}}, {"model": "question.select", "pk": 9, "fields": {"question": 13, "select": "normal", "is_false": true}}, {"model": "question.select", "pk": 10, "fields": {"question": 12, "select": "normal", "is_false": true}}, {"model": "question.select", "pk": 11, "fields": {"question": 11, "select": "normal", "is_false": true}}, {"model": "question.select", "pk": 12, "fields": {"question": 10, "select": "normal", "is_false": true}}, {"model": "question.select", "pk": 13, "fields": {"question": 10, "select": "bad", "is_false": true}}, {"model": "question.select", "pk": 14, "fields": {"question": 11, "select": "bad", "is_false": true}}, {"model": "question.select", "pk": 15, "fields": {"question": 12, "select": "bad", "is_false": true}}, {"model": "question.select", "pk": 16, "fields": {"question": 13, "select": "bad", "is_false": true}}, {"model": "question.selectanswer", "pk": 1, "fields": {"select": 14, "question": 11}}, {"model": "question.selectanswer", "pk": 2, "fields": {"select": 14, "question": 11}}, {"model": "question.selectanswer", "pk": 3, "fields": {"select": 14, "question": 11}}, {"model": "question.selectanswer", "pk": 4, "fields": {"select": 14, "question": 11}}, {"model": "question.selectanswer", "pk": 5, "fields": {"select": 11, "question": 11}}, {"model": "question.selectanswer", "pk": 6, "fields": {"select": 11, "question": 11}}, {"model": "question.selectanswer", "pk": 7, "fields": {"select": 7, "question": 11}}, {"model": "question.selectanswer", "pk": 8, "fields": {"select": 7, "question": 11}}, {"model": "question.selectanswer", "pk": 9, "fields": {"select": 4, "question": 11}}, {"model": "question.selectanswer", "pk": 10, "fields": {"select": 3, "question": 11}}, {"model": "question.selectanswer", "pk": 11, "fields": {"select": 2, "question": 11}}, {"model": "question.selectanswer", "pk": 12, "fields": {"select": 1, "question": 11}}, {"model": "question.selectanswer", "pk": 13, "fields": {"select": 5, "question": 11}}, {"model": "question.selectanswer", "pk": 14, "fields": {"select": 8, "question": 11}}, {"model": "question.selectanswer", "pk": 15, "fields": {"select": 10, "question": 11}}, {"model": "question.selectanswer", "pk": 16, "fields": {"select": 6, "question": 11}}, {"model": "question.selectanswer", "pk": 17, "fields": {"select": 8, "question": 11}}, {"model": "question.selectanswer", "pk": 18, "fields": {"select": 5, "question": 11}}, {"model": "question.selectanswer", "pk": 19, "fields": {"select": 6, "question": 11}}, {"model": "question.selectanswer", "pk": 20, "fields": {"select": 7, "question": 10}}, {"model": "question.selectanswer", "pk": 21, "fields": {"select": 16, "question": 13}}, {"model": "question.selectanswer", "pk": 22, "fields": {"select": 16, "question": 13}}, {"model": "question.selectanswer", "pk": 23, "fields": {"select": 9, "question": 13}}, {"model": "question.selectanswer", "pk": 24, "fields": {"select": 16, "question": 13}}, {"model": "question.answer", "pk": 1, "fields": {"input": null, "question": 13}}, {"model": "question.answer", "pk": 2, "fields": {"input": "wqeqwe", "question": 7}}, {"model": "question.answer", "pk": 3, "fields": {"input": "qweqwe", "question": 6}}, {"model": "question.answer", "pk": 4, "fields": {"input": "qweqwe", "question": 1}}, {"model": "question.answer", "pk": 5, "fields": {"input": null, "question": 13}}, {"model": "question.answer", "pk": 6, "fields": {"input": "wqeqwe", "question": 7}}, {"model": "question.answer", "pk": 7, "fields": {"input": "qweqwe", "question": 6}}, {"model": "question.answer", "pk": 8, "fields": {"input": "qweqwe", "question": 1}}, {"model": "question.answer", "pk": 9, "fields": {"input": null, "question": 13}}, {"model": "question.answer", "pk": 10, "fields": {"input": "wqeqwe", "question": 7}}, {"model": "question.answer", "pk": 11, "fields": {"input": "qweqwe", "question": 6}}, {"model": "question.answer", "pk": 12, "fields": {"input": "qweqwe", "question": 1}}, {"model": "question.answer", "pk": 13, "fields": {"input": null, "question": 13}}, {"model": "question.answer", "pk": 14, "fields": {"input": "wqeqwe", "question": 7}}, {"model": "question.answer", "pk": 15, "fields": {"input": "qweqwe", "question": 6}}, {"model": "question.answer", "pk": 16, "fields": {"input": "qweqwe", "question": 1}}, {"model": "question.answer", "pk": 17, "fields": {"input": null, "question": 13}}, {"model": "question.answer", "pk": 18, "fields": {"input": "wqeqwe", "question": 7}}, {"model": "question.answer", "pk": 19, "fields": {"input": "qweqwe", "question": 6}}, {"model": "question.answer", "pk": 20, "fields": {"input": "qweqwe", "question": 1}}, {"model": "question.answer", "pk": 21, "fields": {"input": null, "question": 13}}, {"model": "question.answer", "pk": 22, "fields": {"input": "wqeqwe", "question": 7}}, {"model": "question.answer", "pk": 23, "fields": {"input": "qweqwe", "question": 6}}, {"model": "question.answer", "pk": 24, "fields": {"input": "qweqwe", "question": 1}}, {"model": "question.answer", "pk": 25, "fields": {"input": null, "question": 13}}, {"model": "question.answer", "pk": 26, "fields": {"input": "hello", "question": 7}}, {"model": "question.answer", "pk": 27, "fields": {"input": "", "question": 6}}, {"model": "question.answer", "pk": 28, "fields": {"input": "", "question": 1}}, {"model": "question.answer", "pk": 29, "fields": {"input": null, "question": 13}}, {"model": "question.answer", "pk": 30, "fields": {"input": "hello", "question": 7}}, {"model": "question.answer", "pk": 31, "fields": {"input": "", "question": 6}}, {"model": "question.answer", "pk": 32, "fields": {"input": "", "question": 1}}, {"model": "question.answer", "pk": 33, "fields": {"input": "", "question": 13}}, {"model": "question.answer", "pk": 34, "fields": {"input": "ewq", "question": 7}}, {"model": "question.answer", "pk": 35, "fields": {"input": "ewq", "question": 6}}, {"model": "question.answer", "pk": 36, "fields": {"input": "wqe", "question": 1}}, {"model": "question.answer", "pk": 37, "fields": {"input": "", "question": 13}}, {"model": "question.answer", "pk": 38, "fields": {"input": "", "question": 13}}, {"model": "question.answer", "pk": 39, "fields": {"input": null, "question": 13}}, {"model": "question.answer", "pk": 40, "fields": {"input": "", "question": 13}}, {"model": "question.answer", "pk": 41, "fields": {"input": "qweqw", "question": 12}}, {"model": "question.answer", "pk": 42, "fields": {"input": "qwe", "question": 12}}, {"model": "question.answer", "pk": 43, "fields": {"input": "textarea", "question": 8}}, {"model": "question.answer", "pk": 44, "fields": {"input": null, "question": 13}}, {"model": "question.answer", "pk": 45, "fields": {"input": "artur", "question": 7}}, {"model": "question.answer", "pk": 46, "fields": {"input": "artur", "question": 6}}, {"model": "question.answer", "pk": 47, "fields": {"input": "artur", "question": 1}}]
